,capacity_mw,area_sq_km,latitude,longitude
0,529.9525616999999,16.56101755,25.0,-80.0
1,1662.2884549999999,51.946514210000004,25.0,-81.0
2,8576.977144381,268.030535749,26.0,-80.0
3,37435.94970597999,1169.8734282750002,26.0,-81.0
4,13137.264029259999,410.5395008959999,26.0,-82.0
5,20139.6794562,629.3649829660001,26.0,-97.0
6,108296.73447247001,3384.2729521969995,26.0,-98.0
7,32848.09203376,1026.5028759850002,26.0,-99.0
8,573.40740057,17.91898127,27.0,-100.0
9,37328.1876215,1166.5058631850002,27.0,-80.0
10,206288.82962544294,6446.525925702,27.0,-81.0
11,132254.155425815,4132.942356959001,27.0,-82.0
12,185.87490427,5.808590758,27.0,-83.0
13,21105.8083796,659.55651184,27.0,-97.0
14,301680.4490866999,9427.514033722,27.0,-98.0
15,278910.90813069994,8715.965878810997,27.0,-99.0
16,151420.5020085,4731.890687799999,28.0,-100.0
17,5210.204988,162.818905842,28.0,-80.0
18,114348.276098274,3573.383628101001,28.0,-81.0
19,143640.29151108902,4488.7591093949995,28.0,-82.0
20,11095.356494353,346.72989042300003,28.0,-83.0
21,384.7798055,12.02436892,28.0,-96.0
22,77199.07803981999,2412.47118855,28.0,-97.0
23,318420.06568199984,9950.627052119997,28.0,-98.0
24,315986.5938159998,9874.581056309995,28.0,-99.0
25,322589.57814299996,10080.924316830002,29.0,-100.0
26,43101.89115767,1346.9340986350003,29.0,-101.0
27,13868.011107630002,433.37534709000005,29.0,-103.0
28,21471.007748,670.9689921439999,29.0,-104.0
29,55011.822509790014,1719.1194534520002,29.0,-81.0
30,156713.71043616597,4897.303451102001,29.0,-82.0
31,57053.613772029996,1782.9254303049997,29.0,-83.0
32,283.20711065,8.850222208,29.0,-89.0
33,2530.8650157599996,79.08953173999998,29.0,-90.0
34,1829.278062542,57.164939456,29.0,-91.0
35,34687.42170517001,1083.9819282570002,29.0,-95.0
36,180585.16165849005,5643.286301695997,29.0,-96.0
37,272800.8844706,8525.027639439999,29.0,-97.0
38,306697.6967010001,9584.303021710002,29.0,-98.0
39,326403.18680840015,10200.099587536004,29.0,-99.0
40,337147.47653000004,10535.858641500003,30.0,-100.0
41,310931.4765850001,9716.60864352,30.0,-101.0
42,235627.91675569996,7363.372398624001,30.0,-102.0
43,306096.2901779,9565.509067669998,30.0,-103.0
44,311616.6892512999,9738.021538919997,30.0,-104.0
45,52786.11107400001,1649.5659710700004,30.0,-105.0
46,22807.482604098004,712.7338313490001,30.0,-81.0
47,170904.36286332,5340.7613393679985,30.0,-82.0
48,219190.07153254998,6849.689735470001,30.0,-83.0
49,73767.25990292,2305.2268719130007,30.0,-84.0
50,53959.61338006499,1686.2379180409994,30.0,-85.0
51,25119.971173519,784.9990991360002,30.0,-86.0
52,3692.905287781001,115.403290254,30.0,-87.0
53,21668.201698399997,677.1313031089999,30.0,-88.0
54,15457.646263800001,483.0514457620001,30.0,-89.0
55,39688.05077909201,1240.2515868080002,30.0,-90.0
56,69937.05359591698,2185.5329248099993,30.0,-91.0
57,120181.22814293006,3755.66337936,30.0,-92.0
58,116297.24917219102,3634.289036494,30.0,-93.0
59,122531.1111439,3829.0972232709996,30.0,-94.0
60,114869.17767015102,3589.661802141001,30.0,-95.0
61,236749.52015524998,7398.422504737,30.0,-96.0
62,301186.573266,9412.080414479999,30.0,-97.0
63,272336.5098085,8510.515931262993,30.0,-98.0
64,312615.07747140015,9769.221170650004,30.0,-99.0
65,329328.45566400007,10291.514238999998,31.0,-100.0
66,326592.60801200004,10206.018999999997,31.0,-101.0
67,320889.49344299996,10027.796669599997,31.0,-102.0
68,312575.91163499997,9767.997238149997,31.0,-103.0
69,328790.5144079998,10274.703574899999,31.0,-104.0
70,278035.89123609994,8688.621601245999,31.0,-105.0
71,60339.067009432,1885.5958441989999,31.0,-106.0
72,16030.535344999998,500.95422942,31.0,-108.0
73,48122.675355499996,1503.8336048959995,31.0,-109.0
74,39297.81184190001,1228.05661996,31.0,-110.0
75,16316.137104730002,509.87928451900007,31.0,-111.0
76,734.0880656,22.94025205,31.0,-112.0
77,4375.078389783,136.721199678,31.0,-81.0
78,149568.53245782098,4674.016639255,31.0,-82.0
79,209066.768981,6533.336530259999,31.0,-83.0
80,240829.72069000007,7525.928771069997,31.0,-84.0
81,252281.00379799993,7883.781368780001,31.0,-85.0
82,233620.50199317993,7300.640687026002,31.0,-86.0
83,204157.49104214893,6379.921594728998,31.0,-87.0
84,205274.04078527002,6414.813774450002,31.0,-88.0
85,156941.34472575007,4904.417022598001,31.0,-89.0
86,245653.30435299996,7676.66576083,31.0,-90.0
87,217717.46324913992,6803.670726441001,31.0,-91.0
88,178725.49711129995,5585.171784431997,31.0,-92.0
89,198766.24886429004,6211.445277116001,31.0,-93.0
90,186750.11305682998,5835.941033098998,31.0,-94.0
91,198462.51108248206,6201.953471055001,31.0,-95.0
92,273191.7372531,8537.241788590001,31.0,-96.0
93,309593.13700099994,9674.785531350002,31.0,-97.0
94,286035.23732499994,8938.60116636,31.0,-98.0
95,332646.92364699993,10395.2163635,31.0,-99.0
96,302606.983189,9456.468224210004,32.0,-100.0
97,321921.77313499997,10060.055410400002,32.0,-101.0
98,305695.841742,9552.995053820001,32.0,-102.0
99,312470.02843,9764.688388399998,32.0,-103.0
100,314504.1039740001,9828.253248730003,32.0,-104.0
101,277684.5074243,8677.640856909999,32.0,-105.0
102,262453.88163712004,8201.683800984,32.0,-106.0
103,207531.59399333003,6485.362311961999,32.0,-107.0
104,246216.80599999998,7694.275187248998,32.0,-108.0
105,278766.95068936003,8711.467209256,32.0,-109.0
106,291692.29647192004,9115.384264887,32.0,-110.0
107,190280.06931647,5946.252165787001,32.0,-111.0
108,269014.2649252001,8406.695779158003,32.0,-112.0
109,69793.175322307,2181.03672875,32.0,-113.0
110,38547.384385,1204.605762,32.0,-114.0
111,7771.71014837,242.86594211,32.0,-115.0
112,54726.5033268,1710.203228931,32.0,-81.0
113,192381.82737692993,6011.932105375,32.0,-82.0
114,242845.93345200003,7588.935420309998,32.0,-83.0
115,261845.42785699994,8182.669620099998,32.0,-84.0
116,259308.49337024003,8103.390418021001,32.0,-85.0
117,273180.384975,8536.887030350003,32.0,-86.0
118,269675.267676,8427.352114360003,32.0,-87.0
119,259841.50077199997,8120.046899209998,32.0,-88.0
120,223869.03576070015,6995.90736742,32.0,-89.0
121,234565.14016440004,7330.160629931999,32.0,-90.0
122,235028.32327700005,7344.635102162001,32.0,-91.0
123,214232.08570072,6694.752678150001,32.0,-92.0
124,196414.535726899,6137.954241419003,32.0,-93.0
125,204685.65257660003,6396.4266428229985,32.0,-94.0
126,271509.5926452,8484.674769711997,32.0,-95.0
127,279195.36891300004,8724.855278440007,32.0,-96.0
128,310170.878614,9692.839956580001,32.0,-97.0
129,314510.04936999996,9828.439042600003,32.0,-98.0
130,300423.3474739999,9388.229608499998,32.0,-99.0
131,326656.935681,10208.029239599995,33.0,-100.0
132,322324.1591130001,10072.629971600003,33.0,-101.0
133,309031.1574829999,9657.223671499998,33.0,-102.0
134,320836.232906,10026.132278129999,33.0,-103.0
135,303587.84193100006,9487.120060030004,33.0,-104.0
136,295413.7899763201,9231.680936490997,33.0,-105.0
137,128869.04819385998,4027.157755807,33.0,-106.0
138,240036.54362489996,7501.141987792002,33.0,-107.0
139,148030.0392693,4625.938727119999,33.0,-108.0
140,188619.93641537998,5894.373012737999,33.0,-109.0
141,264829.9196879,8275.934990280002,33.0,-110.0
142,257523.37027128003,8047.605320781999,33.0,-111.0
143,202395.15676863992,6324.848648593999,33.0,-112.0
144,262101.48417179997,8190.671380256999,33.0,-113.0
145,157708.94047155004,4928.404389804,33.0,-114.0
146,108209.05891480003,3381.5330911060005,33.0,-115.0
147,98118.920722019,3066.216272673,33.0,-116.0
148,116015.71572109502,3625.491116114,33.0,-117.0
149,4066.8662405,127.08957002200002,33.0,-118.0
150,967.4588109,30.23308784,33.0,-119.0
151,15153.928268179,473.56025834800005,33.0,-79.0
152,83127.61351434096,2597.737922245,33.0,-80.0
153,189125.23767659994,5910.163676980001,33.0,-81.0
154,221215.21681350004,6912.975525220002,33.0,-82.0
155,266974.142453,8342.941951280001,33.0,-83.0
156,262060.116712,8189.378647369998,33.0,-84.0
157,285254.7009184999,8914.20940325,33.0,-85.0
158,268237.5642302891,8382.423881903998,33.0,-86.0
159,241230.3810928001,7538.449409057998,33.0,-87.0
160,220001.063267,6875.033227200001,33.0,-88.0
161,254023.2378628,7938.22618275,33.0,-89.0
162,255149.55855700004,7973.42370464,33.0,-90.0
163,214139.23074179993,6691.850960358,33.0,-91.0
164,213832.33366899999,6682.2604271,33.0,-92.0
165,242933.25233499994,7591.664135240003,33.0,-93.0
166,230791.970339,7212.249072709997,33.0,-94.0
167,244351.037483,7635.969921380002,33.0,-95.0
168,283020.208786,8844.38152466,33.0,-96.0
169,163365.7539587101,5105.1798111240005,33.0,-97.0
170,276989.461486,8655.920671659998,33.0,-98.0
171,323008.861727,10094.026929519998,33.0,-99.0
172,305396.67229400005,9543.646009099999,34.0,-100.0
173,324168.21548700007,10130.25673367,34.0,-101.0
174,301941.38821640005,9435.668381450001,34.0,-102.0
175,311029.8664,9719.683324900006,34.0,-103.0
176,322617.23306000006,10081.788532670002,34.0,-104.0
177,298095.11923795985,9315.472475327,34.0,-105.0
178,172554.62157173498,5392.331923630001,34.0,-106.0
179,141376.97549635,4418.030484279999,34.0,-107.0
180,198463.2117595,6201.975367191,34.0,-108.0
181,117575.02707609997,3674.219596033999,34.0,-109.0
182,261177.13685334,8161.7855262569965,34.0,-110.0
183,51357.4493645,1604.9202926389999,34.0,-111.0
184,93537.32170838505,2923.0413032099996,34.0,-112.0
185,279560.10998173,8736.2534372,34.0,-113.0
186,261290.51966849997,8165.328739809997,34.0,-114.0
187,49353.294719569996,1542.290459904,34.0,-115.0
188,67764.98110980002,2117.6556595820007,34.0,-116.0
189,122789.28241930193,3837.1650755180003,34.0,-117.0
190,35308.628492380005,1103.394640401,34.0,-118.0
191,51394.249766660985,1606.070305065,34.0,-119.0
192,4938.66716506,154.33334889,34.0,-120.0
193,1433.049469,44.7827959,34.0,-121.0
194,61351.01404497001,1917.2191889049996,34.0,-78.0
195,137903.737912308,4309.491809659,34.0,-79.0
196,186456.38796939998,5826.76212379,34.0,-80.0
197,215868.99775660192,6745.9061800439995,34.0,-81.0
198,228919.891830041,7153.746619543999,34.0,-82.0
199,279592.85730140004,8737.27679039,34.0,-83.0
200,178643.11090312005,5582.597215713,34.0,-84.0
201,252001.45837010004,7875.045574099001,34.0,-85.0
202,269608.46733793005,8425.264603970001,34.0,-86.0
203,248502.86655206003,7765.7145797190005,34.0,-87.0
204,274890.68428,8590.333883230003,34.0,-88.0
205,261101.85925099993,8159.433101180002,34.0,-89.0
206,256675.71537599995,8021.116105380001,34.0,-90.0
207,238020.88342870004,7438.152607049,34.0,-91.0
208,219793.87197200005,6868.558499060002,34.0,-92.0
209,246918.95686284002,7716.217402011002,34.0,-93.0
210,246994.09417319993,7718.565442704,34.0,-94.0
211,245156.20874500007,7661.131522780002,34.0,-95.0
212,308898.85613200016,9653.089253940003,34.0,-96.0
213,281505.1447909999,8797.03577452,34.0,-97.0
214,297763.976733,9305.124272800003,34.0,-98.0
215,318744.7003919999,9960.77188662,34.0,-99.0
216,332021.1290399999,10375.6602823,35.0,-100.0
217,296368.73173400015,9261.522866399999,35.0,-101.0
218,302599.55219599995,9456.2360058,35.0,-102.0
219,312715.83811899996,9772.369941000004,35.0,-103.0
220,320875.807481,10027.368984000004,35.0,-104.0
221,310431.455486,9700.98298372,35.0,-105.0
222,269069.4641798,8408.420755653004,35.0,-106.0
223,278854.25073677,8714.195335070002,35.0,-107.0
224,227553.87798738,7111.058686936,35.0,-108.0
225,319173.05417569994,9974.157942112002,35.0,-109.0
226,279249.6409994,8726.551280938998,35.0,-110.0
227,202786.13644089998,6337.066763760001,35.0,-111.0
228,69579.31097728001,2174.353468062,35.0,-112.0
229,243663.79562784993,7614.493613439998,35.0,-113.0
230,259436.98382490003,8107.40574466,35.0,-114.0
231,50610.883341320005,1581.5901043530005,35.0,-115.0
232,37734.11301175499,1179.191031667,35.0,-116.0
233,83040.24342480002,2595.0076072149996,35.0,-117.0
234,179584.99291796001,5612.031028453,35.0,-118.0
235,146098.06738790002,4565.564605645001,35.0,-119.0
236,170975.93926842,5342.998101800999,35.0,-120.0
237,42338.736263841,1323.0855081379998,35.0,-121.0
238,5092.639613390001,159.144987918,35.0,-76.0
239,101349.88572799102,3167.1839290289986,35.0,-77.0
240,212662.21610194002,6645.694253399997,35.0,-78.0
241,196589.13377589997,6143.410430354,35.0,-79.0
242,237514.86707970002,7422.339596213001,35.0,-80.0
243,234483.1179996,7327.597437535001,35.0,-81.0
244,255925.71386339996,7997.678558051001,35.0,-82.0
245,139353.17095353,4354.786592167001,35.0,-83.0
246,70598.984626261,2206.218269452,35.0,-84.0
247,225513.06733840005,7047.283354169,35.0,-85.0
248,293361.81303300004,9167.556657160003,35.0,-86.0
249,267140.53743860003,8348.141795009,35.0,-87.0
250,287782.07539,8993.189855349998,35.0,-88.0
251,235007.35909809996,7343.979971980999,35.0,-89.0
252,240268.61264200005,7508.394144922999,35.0,-90.0
253,223310.56720700004,6978.455225579998,35.0,-91.0
254,269485.1334036,8421.410418749998,35.0,-92.0
255,188404.30950580002,5887.634671939999,35.0,-93.0
256,151430.16861676998,4732.192769176999,35.0,-94.0
257,239061.47606246002,7470.6711269809975,35.0,-95.0
258,295151.47335600003,9223.483542169999,35.0,-96.0
259,264726.8609833,8272.714405589999,35.0,-97.0
260,286160.86209213,8942.526940050004,35.0,-98.0
261,271859.20858878,8495.60026835,35.0,-99.0
262,300201.50847199996,9381.297139899994,36.0,-100.0
263,303189.869818,9474.683431729996,36.0,-101.0
264,294580.12163099996,9205.628801230003,36.0,-102.0
265,319497.243924,9984.288872300005,36.0,-103.0
266,323317.442364,10103.670073769994,36.0,-104.0
267,251376.54158388003,7855.5169239800025,36.0,-105.0
268,100261.72843071999,3133.179013443,36.0,-106.0
269,222641.08083153996,6957.533775901002,36.0,-107.0
270,295332.80716799997,9229.150223560002,36.0,-108.0
271,293860.18869399995,9183.130896649998,36.0,-109.0
272,323529.31077999994,10110.290961799998,36.0,-110.0
273,313319.53763149993,9791.235550890999,36.0,-111.0
274,157713.45380639998,4928.5454312580005,36.0,-112.0
275,205841.83244420006,6432.557264212,36.0,-113.0
276,124512.26449473998,3891.008265558,36.0,-114.0
277,122171.03763138999,3817.844926177,36.0,-115.0
278,93047.18307205799,2907.724470948,36.0,-116.0
279,34332.70712303,1072.8970974210001,36.0,-117.0
280,38333.7362858,1197.9292589559998,36.0,-118.0
281,225342.69372359998,7041.959178723997,36.0,-119.0
282,299293.32811199996,9352.91650359,36.0,-120.0
283,217908.02565788507,6809.62580156,36.0,-121.0
284,13295.84576366,415.495180098,36.0,-122.0
285,57639.28905766003,1801.227783032,36.0,-76.0
286,211753.05648949996,6617.283015161998,36.0,-77.0
287,240498.33715399998,7515.573036049998,36.0,-78.0
288,242336.45790710003,7573.014309649997,36.0,-79.0
289,258556.74806310004,8079.898376810999,36.0,-80.0
290,294365.70501499996,9198.928282059995,36.0,-81.0
291,121319.01266696997,3791.2191456699993,36.0,-82.0
292,205009.39607655996,6406.543627307002,36.0,-83.0
293,245920.75493169,7685.023591264002,36.0,-84.0
294,289176.74400999997,9036.77325055,36.0,-85.0
295,291428.747531,9107.148360610006,36.0,-86.0
296,262838.9259379,8213.716435258,36.0,-87.0
297,282840.97653900005,8838.780516490002,36.0,-88.0
298,262078.95263399993,8189.967269389998,36.0,-89.0
299,266387.75573100004,8324.617366260001,36.0,-90.0
300,289768.98361900006,9055.280737950001,36.0,-91.0
301,270955.69629153,8467.365508910996,36.0,-92.0
302,228011.16288260007,7125.348839719999,36.0,-93.0
303,213033.4357188999,6657.294866382002,36.0,-94.0
304,275042.6315460001,8595.08223547,36.0,-95.0
305,285555.6814939701,8923.615046175,36.0,-96.0
306,264441.11285199993,8263.784776749999,36.0,-97.0
307,292378.2002937001,9136.818758669999,36.0,-98.0
308,274901.42120800004,8590.669412669999,36.0,-99.0
309,286665.19271000003,8958.287272099999,37.0,-100.0
310,280052.26006199996,8751.633126599998,37.0,-101.0
311,319002.109656,9968.815926699997,37.0,-102.0
312,308716.776232,9647.399257700004,37.0,-103.0
313,287286.1876226,8977.693363180002,37.0,-104.0
314,182139.02468749994,5691.844521132,37.0,-105.0
315,130485.65320917997,4077.676662857001,37.0,-106.0
316,157728.14085194998,4929.004401646999,37.0,-107.0
317,249454.89601855003,7795.465500301996,37.0,-108.0
318,281105.9660916001,8784.56144043,37.0,-109.0
319,291226.6216487001,9100.831926230003,37.0,-110.0
320,198383.41876400006,6199.4818364,37.0,-111.0
321,110206.58497339,3443.9557802170007,37.0,-112.0
322,243967.40240696003,7623.9813248149985,37.0,-113.0
323,160004.07649588,5000.127390276,37.0,-114.0
324,122274.77694883,3821.086779659,37.0,-115.0
325,51713.96376363,1616.0613676799999,37.0,-116.0
326,125065.74947340002,3908.304670809999,37.0,-117.0
327,53743.36280740001,1679.4800877240002,37.0,-118.0
328,67021.64962602002,2094.42655086,37.0,-119.0
329,271672.10484259995,8489.753276489999,37.0,-120.0
330,266845.05224,8338.907882340001,37.0,-121.0
331,130290.83255787997,4071.588517561,37.0,-122.0
332,28723.341358960002,897.6044175150003,37.0,-76.0
333,197671.3103057,6177.228446700001,37.0,-77.0
334,276068.12192909996,8627.128809619997,37.0,-78.0
335,285641.681262,8926.302539020002,37.0,-79.0
336,267921.59616330004,8372.549879709999,37.0,-80.0
337,214156.468319997,6692.389635128,37.0,-81.0
338,253484.12982718003,7921.379056646,37.0,-82.0
339,235312.51039639997,7353.5159493480005,37.0,-83.0
340,162413.3099694,5075.415936367,37.0,-84.0
341,265620.24301386,8300.632593675997,37.0,-85.0
342,291610.60493000003,9112.831404069999,37.0,-86.0
343,281320.94420699996,8791.279506289997,37.0,-87.0
344,235741.75763751,7366.929925782997,37.0,-88.0
345,233940.03002659997,7310.625938320001,37.0,-89.0
346,265698.1241336999,8303.066378530002,37.0,-90.0
347,172959.17753089996,5404.974297535002,37.0,-91.0
348,276644.8147108999,8645.150459789998,37.0,-92.0
349,267304.49583228,8353.265494257003,37.0,-93.0
350,262224.6877644,8194.521492599999,37.0,-94.0
351,270209.735666,8444.05423971,37.0,-95.0
352,315965.2963800001,9873.915512070002,37.0,-96.0
353,269048.927196,8407.77897444,37.0,-97.0
354,279884.39832499996,8746.387447439996,37.0,-98.0
355,339242.0125019999,10601.312890600004,37.0,-99.0
356,302896.26683900005,9465.5083384,38.0,-100.0
357,307890.40916899993,9621.575286600004,38.0,-101.0
358,303039.8666740001,9469.9958336,38.0,-102.0
359,295230.06258800003,9225.939455880001,38.0,-103.0
360,281591.2536568999,8799.726676008997,38.0,-104.0
361,190980.25190197697,5968.132871938999,38.0,-105.0
362,114947.46597609002,3592.108311545999,38.0,-106.0
363,43138.884545541994,1348.0901420999999,38.0,-107.0
364,101111.46798198903,3159.7333741420007,38.0,-108.0
365,242585.85494809996,7580.807967049,38.0,-109.0
366,177529.15587170003,5547.786120764,38.0,-110.0
367,143750.34099301999,4492.198155695,38.0,-111.0
368,103730.13750741704,3241.5667969329998,38.0,-112.0
369,244201.86514884004,7631.308286136999,38.0,-113.0
370,254705.45814670005,7959.545566730002,38.0,-114.0
371,281119.2042797,8784.97513391,38.0,-115.0
372,226317.94684461007,7072.4358391000005,38.0,-116.0
373,208017.45594071998,6500.54549785,38.0,-117.0
374,250339.68733520005,7823.1152287410005,38.0,-118.0
375,94340.199589979,2948.131237118999,38.0,-119.0
376,74261.94272543001,2320.6857101560004,38.0,-120.0
377,258542.51215170004,8079.453504421001,38.0,-121.0
378,144987.66638514702,4530.864574371,38.0,-122.0
379,62086.06032614001,1940.1893853470006,38.0,-123.0
380,26037.578301904,813.6743219489999,38.0,-75.0
381,64111.82114052499,2003.4944106489997,38.0,-76.0
382,190444.37163170002,5951.386613287003,38.0,-77.0
383,265508.5196045,8297.141237731998,38.0,-78.0
384,222046.63304728898,6938.957282601001,38.0,-79.0
385,90626.92342288798,2832.091356738,38.0,-80.0
386,277499.15303800005,8671.848532280002,38.0,-81.0
387,285297.07638299995,8915.533636569999,38.0,-82.0
388,272868.4207862001,8527.138149319999,38.0,-83.0
389,238996.17804204006,7468.630563697999,38.0,-84.0
390,282892.90753800014,8840.40336023,38.0,-85.0
391,244066.24689210998,7627.070215142002,38.0,-86.0
392,240606.8009793999,7518.962529962998,38.0,-87.0
393,251041.6239978,7845.050749669998,38.0,-88.0
394,225522.47661529997,7047.57739393,38.0,-89.0
395,261793.72865050007,8181.05402025,38.0,-90.0
396,220915.9244078,6903.622637493999,38.0,-91.0
397,237051.209688035,7407.850302490002,38.0,-92.0
398,272989.57972900005,8530.924365990002,38.0,-93.0
399,292101.0171509999,9128.156785629997,38.0,-94.0
400,309433.8697369999,9669.808428729999,38.0,-95.0
401,324268.38186200004,10133.38693292,38.0,-96.0
402,288208.5630731,9006.517596209997,38.0,-97.0
403,301611.280559,9425.352517249998,38.0,-98.0
404,275472.05811299995,8608.50181643,38.0,-99.0
405,285903.281142,8934.477535699998,39.0,-100.0
406,303834.313162,9494.822286300001,39.0,-101.0
407,290418.109263,9075.565914100001,39.0,-102.0
408,305919.5399520001,9559.985623400002,39.0,-103.0
409,298676.9398910001,9333.654371300001,39.0,-104.0
410,159850.47707411004,4995.327408541,39.0,-105.0
411,19524.431861669997,610.138495638,39.0,-106.0
412,46002.24314856999,1437.5700983710003,39.0,-107.0
413,178465.92586579997,5577.0601831529975,39.0,-108.0
414,229172.45846040008,7161.639326646004,39.0,-109.0
415,267174.79127730004,8349.212227341,39.0,-110.0
416,217462.57262744,6795.705394168001,39.0,-111.0
417,160809.16419526996,5025.286380923001,39.0,-112.0
418,285506.15155500005,8922.067236189998,39.0,-113.0
419,240374.51612379993,7511.703628354997,39.0,-114.0
420,217018.50212293008,6781.828191179,39.0,-115.0
421,251273.38893819993,7852.293404558,39.0,-116.0
422,136465.85791323998,4264.558059815001,39.0,-117.0
423,279829.8662597999,8744.683320398997,39.0,-118.0
424,244806.58616100004,7650.20581711,39.0,-119.0
425,112339.184765029,3510.5995238170008,39.0,-120.0
426,215040.411519,6720.012859832003,39.0,-121.0
427,266008.68205700006,8312.771313890002,39.0,-122.0
428,221255.14861933005,6914.223394211003,39.0,-123.0
429,40933.928595900004,1279.18526854,39.0,-124.0
430,253.215065,7.912970783,39.0,-74.0
431,67202.40543572299,2100.075169854,39.0,-75.0
432,142823.28528718,4463.227665101,39.0,-76.0
433,118296.40668233999,3696.7627086309994,39.0,-77.0
434,251460.41362330006,7858.137925230004,39.0,-78.0
435,207492.45094353202,6484.139091805001,39.0,-79.0
436,201627.57956024006,6300.8618613610015,39.0,-80.0
437,283263.39490909997,8851.981090621,39.0,-81.0
438,253033.5142367,7907.2973195099985,39.0,-82.0
439,249079.86005296002,7783.745626424998,39.0,-83.0
440,254480.18024799993,7952.505632998999,39.0,-84.0
441,254753.4846595,7961.046395248002,39.0,-85.0
442,263660.2918991,8239.384121800003,39.0,-86.0
443,257895.67706810005,8059.239908220001,39.0,-87.0
444,277200.97526700003,8662.5304771,39.0,-88.0
445,282796.078108,8837.37744074,39.0,-89.0
446,228821.11502954699,7150.659844510001,39.0,-90.0
447,264803.2320861,8275.101002239997,39.0,-91.0
448,261043.20227549993,8157.6000712800005,39.0,-92.0
449,273313.58555200003,8541.049548669997,39.0,-93.0
450,268349.8003780001,8385.931261700005,39.0,-94.0
451,253513.9420967,7922.310690484999,39.0,-95.0
452,303408.50248400006,9481.51570244,39.0,-96.0
453,265593.9049946,8299.809531339999,39.0,-97.0
454,276906.021615,8653.313175430001,39.0,-98.0
455,283037.008565,8844.906516999998,39.0,-99.0
456,302862.5024959999,9464.453203100002,40.0,-100.0
457,291721.47064400004,9116.295957599998,40.0,-101.0
458,287324.7334370001,8978.8979199,40.0,-102.0
459,300785.55795600003,9399.548685899998,40.0,-103.0
460,286399.90884999995,8949.997151099997,40.0,-104.0
461,193497.45192227798,6046.795372341999,40.0,-105.0
462,63206.41763479699,1975.200551206,40.0,-106.0
463,139303.21074246202,4353.22533558,40.0,-107.0
464,245829.1704454999,7682.161576213001,40.0,-108.0
465,265662.2159474,8301.94424801,40.0,-109.0
466,249308.7180998,7790.897440380002,40.0,-110.0
467,150518.434929384,4703.701091478,40.0,-111.0
468,190398.57077573997,5949.955336828998,40.0,-112.0
469,187718.27100309002,5866.195968645,40.0,-113.0
470,239977.82014149998,7499.306879259999,40.0,-114.0
471,256363.63192430002,8011.363497699997,40.0,-115.0
472,281185.08335180004,8787.033854540003,40.0,-116.0
473,287226.702746,8975.83446025,40.0,-117.0
474,261140.67036570003,8160.645949260001,40.0,-118.0
475,271115.685232,8472.365163259998,40.0,-119.0
476,218769.617666395,6836.550551983001,40.0,-120.0
477,75757.821469557,2367.431920867,40.0,-121.0
478,237883.15814867002,7433.848691804001,40.0,-122.0
479,133333.42491149,4166.669528497,40.0,-123.0
480,135698.99376657998,4240.593555365,40.0,-124.0
481,35181.96153844,1099.436298088,40.0,-74.0
482,115869.19482130602,3620.9123381770005,40.0,-75.0
483,209832.96256069996,6557.280079949999,40.0,-76.0
484,232946.24178100002,7279.570055600001,40.0,-77.0
485,257035.72379869997,8032.366368529999,40.0,-78.0
486,253523.05590099993,7922.5954965,40.0,-79.0
487,237203.98476790005,7412.62452381,40.0,-80.0
488,249705.85771779993,7803.308053079,40.0,-81.0
489,258285.40945049998,8071.419045059999,40.0,-82.0
490,242259.69693920994,7570.615529024998,40.0,-83.0
491,262562.7634809999,8205.086358739998,40.0,-84.0
492,275606.76819999993,8612.71150562,40.0,-85.0
493,237126.76928049998,7410.211539793999,40.0,-86.0
494,277607.17837,8675.224323560002,40.0,-87.0
495,283421.14827500004,8856.91088351,40.0,-88.0
496,281895.60276000004,8809.237586280002,40.0,-89.0
497,269343.17298699997,8416.974155820002,40.0,-90.0
498,272151.962275,8504.74882082,40.0,-91.0
499,296386.9790110001,9262.09309419,40.0,-92.0
500,277016.05049399997,8656.75157798,40.0,-93.0
501,281895.9466300001,8809.248331800003,40.0,-94.0
502,275010.2004210001,8594.068762550001,40.0,-95.0
503,284111.5009039999,8878.484403420003,40.0,-96.0
504,271269.5110659999,8477.172220399998,40.0,-97.0
505,280911.6174159999,8778.488044200001,40.0,-98.0
506,279234.441544,8726.076298129998,40.0,-99.0
507,294285.42160900007,9196.419424599997,41.0,-100.0
508,281207.33601200004,8787.72924984,41.0,-101.0
509,286600.842767,8956.2763364,41.0,-102.0
510,278887.22795100004,8715.2258734,41.0,-103.0
511,290991.14072499995,9093.473147199997,41.0,-104.0
512,249519.37625410006,7797.480507800001,41.0,-105.0
513,152851.43708334,4776.60740881,41.0,-106.0
514,158886.10455334,4965.190767294998,41.0,-107.0
515,287095.3302980001,8971.729072000002,41.0,-108.0
516,228388.41877565003,7137.138086546002,41.0,-109.0
517,148050.52415946,4626.578880037,41.0,-110.0
518,145278.33730115002,4539.948040518,41.0,-111.0
519,89091.77027178998,2784.117820865,41.0,-112.0
520,185961.23112848995,5811.288472765998,41.0,-113.0
521,261160.29214,8161.2591293000005,41.0,-114.0
522,258564.71884448096,8080.1474635660015,41.0,-115.0
523,281399.7510050001,8793.742218660002,41.0,-116.0
524,270841.82562400005,8463.807050370002,41.0,-117.0
525,265369.4367699999,8292.794898930002,41.0,-118.0
526,196570.62732575997,6142.832103846999,41.0,-119.0
527,271412.05979669996,8481.626868709998,41.0,-120.0
528,195441.82481587003,6107.557025125998,41.0,-121.0
529,205932.18146539992,6435.380670892,41.0,-122.0
530,72577.92034011999,2268.060010621,41.0,-123.0
531,102110.82605423203,3190.9633141040003,41.0,-124.0
532,6307.901454320001,197.12192041399996,41.0,-71.0
533,34678.20922865,1083.6940383450003,41.0,-72.0
534,54223.51048830599,1694.484702727,41.0,-73.0
535,76490.07538591004,2390.314855685,41.0,-74.0
536,199092.01821549996,6221.625568869999,41.0,-75.0
537,221749.23373999997,6929.663554030001,41.0,-76.0
538,261569.46566800005,8174.045802009999,41.0,-77.0
539,241851.29243200005,7557.852888279998,41.0,-78.0
540,244276.3028817,7633.634464664999,41.0,-79.0
541,238064.31707919991,7439.509908629999,41.0,-80.0
542,211312.9629539,6603.53009177,41.0,-81.0
543,209308.71054287997,6540.897204216,41.0,-82.0
544,257392.05368090005,8043.501677364,41.0,-83.0
545,267612.5967229999,8362.89364729,41.0,-84.0
546,267559.18618079997,8361.224567749,41.0,-85.0
547,272108.292642,8503.38414536,41.0,-86.0
548,268138.92947239993,8379.341545670002,41.0,-87.0
549,256353.32031460002,8011.04125978,41.0,-88.0
550,265502.49002299993,8296.95281326,41.0,-89.0
551,272622.0265339999,8519.438329059998,41.0,-90.0
552,254190.4509730001,7943.451592879999,41.0,-91.0
553,288211.05594000017,9006.595498730003,41.0,-92.0
554,293379.2047509999,9168.100148430001,41.0,-93.0
555,281691.82359,8802.8694872,41.0,-94.0
556,286547.30126,8954.6031645,41.0,-95.0
557,243873.05522575008,7621.032975529999,41.0,-96.0
558,239523.763381,7485.117605500001,41.0,-97.0
559,271871.72885,8495.991526380005,41.0,-98.0
560,293862.0017029999,9183.187552899999,41.0,-99.0
561,248712.37705493998,7772.261782642,42.0,-100.0
562,272250.97502699995,8507.842969169998,42.0,-101.0
563,279120.00410799985,8722.500127959998,42.0,-102.0
564,274726.02279899997,8585.188212519999,42.0,-103.0
565,288519.490774,9016.234086699998,42.0,-104.0
566,259999.88108300007,8124.996283649999,42.0,-105.0
567,244448.68492968002,7639.0214043999995,42.0,-106.0
568,267431.82611100015,8357.244566039999,42.0,-107.0
569,281040.1174585001,8782.503670572003,42.0,-108.0
570,256358.43261329996,8011.20101889,42.0,-109.0
571,266636.043255,8332.376351769999,42.0,-110.0
572,199966.24413047,6248.945129130001,42.0,-111.0
573,176064.83593359002,5502.026122711001,42.0,-112.0
574,251460.7468583,7858.148339000001,42.0,-113.0
575,237374.90339880003,7417.965730731002,42.0,-114.0
576,266565.9667453001,8330.186460590001,42.0,-115.0
577,251827.90710559994,7869.622096985998,42.0,-116.0
578,239931.94218410004,7497.873193370001,42.0,-117.0
579,271019.6346758501,8469.363583529,42.0,-118.0
580,207324.4386623,6478.888708079998,42.0,-119.0
581,199312.35037892,6228.510949108001,42.0,-120.0
582,177830.98846807997,5557.218389699,42.0,-121.0
583,223874.67621761,6996.083631965,42.0,-122.0
584,162066.37744926996,5064.574294892,42.0,-123.0
585,54702.073301649994,1709.439790697,42.0,-124.0
586,11151.62377044,348.488242808,42.0,-70.0
587,68992.19853549,2156.0062042560003,42.0,-71.0
588,202899.9230149,6340.62259398,42.0,-72.0
589,191338.8743436,5979.339823377999,42.0,-73.0
590,198664.85753689994,6208.276797962,42.0,-74.0
591,236029.51252237,7375.922265890002,42.0,-75.0
592,262646.30320799997,8207.696975059998,42.0,-76.0
593,256744.58688599998,8023.268339900001,42.0,-77.0
594,262979.21953899995,8218.100610150002,42.0,-78.0
595,179535.10478126502,5610.472024232,42.0,-79.0
596,160494.2167562,5015.444273224,42.0,-80.0
597,73408.57317775699,2294.0179118749998,42.0,-81.0
598,163.65629081,5.114259088,42.0,-82.0
599,37545.9237027,1173.31011562,42.0,-83.0
600,204856.81190276,6401.775371689,42.0,-84.0
601,217815.37862999996,6806.730582020002,42.0,-85.0
602,194635.62425780005,6082.3632578,42.0,-86.0
603,41442.259704309996,1295.0706156380002,42.0,-87.0
604,63849.71782238001,1995.3036819650006,42.0,-88.0
605,240422.90286730006,7513.215714460001,42.0,-89.0
606,274928.1178652,8591.503683129999,42.0,-90.0
607,266400.3011160001,8325.009409870001,42.0,-91.0
608,242570.83315000005,7580.338536079999,42.0,-92.0
609,275452.4829429999,8607.89009198,42.0,-93.0
610,288592.6863040002,9018.521446551,42.0,-94.0
611,298401.4700199999,9325.045938099998,42.0,-95.0
612,237685.11109199995,7427.659721530001,42.0,-96.0
613,296793.556742,9274.79864802,42.0,-97.0
614,313455.998141,9795.4999418,42.0,-98.0
615,287650.8974069999,8989.090544299996,42.0,-99.0
616,272072.815149,8502.27547343,43.0,-100.0
617,267898.5355986,8371.829237661,43.0,-101.0
618,263639.64822399995,8238.739006720001,43.0,-102.0
619,270645.60483090003,8457.6751508,43.0,-103.0
620,264629.2666747999,8269.664583270001,43.0,-104.0
621,269213.71410499996,8412.928565320002,43.0,-105.0
622,257997.03217439997,8062.407255359998,43.0,-106.0
623,284550.31080299994,8892.1972125,43.0,-107.0
624,271771.6272809999,8492.86335225,43.0,-108.0
625,156712.607583234,4897.268987115001,43.0,-109.0
626,128008.51032527,4000.265947389,43.0,-110.0
627,49046.038352772,1532.688698507,43.0,-111.0
628,250125.24018500003,7816.413755380003,43.0,-112.0
629,220726.12072139006,6897.691272720998,43.0,-113.0
630,237172.14002665097,7411.629375476001,43.0,-114.0
631,244006.4913212,7625.202853410001,43.0,-115.0
632,253391.66174899996,7918.489429639998,43.0,-116.0
633,265325.515399,8291.422356370003,43.0,-117.0
634,276174.296723,8630.446772299998,43.0,-118.0
635,222175.09478070005,6942.971711800001,43.0,-119.0
636,238808.07908079986,7462.7524706799995,43.0,-120.0
637,152632.22180958404,4769.756931505,43.0,-121.0
638,116326.51722687001,3635.203663269,43.0,-122.0
639,194648.14636359995,6082.754573571001,43.0,-123.0
640,188561.34199620006,5892.5419372649985,43.0,-124.0
641,1329.942291,41.56069658,43.0,-125.0
642,3102.3051097999996,96.947034691,43.0,-70.0
643,135237.052586282,4226.1578933440005,43.0,-71.0
644,229131.03217999995,7160.344755600001,43.0,-72.0
645,215254.72284439995,6726.710088640002,43.0,-73.0
646,146823.06100115998,4588.220656266,43.0,-74.0
647,206968.58088519008,6467.768152671,43.0,-75.0
648,226061.29307110002,7064.415408369999,43.0,-76.0
649,176327.02523499998,5510.21953838,43.0,-77.0
650,191293.77565300002,5977.930488788998,43.0,-78.0
651,71813.614674123,2244.175458345001,43.0,-79.0
652,4248.74400579,132.77325018099998,43.0,-82.0
653,176216.04404117411,5506.751376268001,43.0,-83.0
654,201407.5547723,6293.986086439999,43.0,-84.0
655,223182.2670083999,6974.445843800002,43.0,-85.0
656,141222.88092077998,4413.215028531003,43.0,-86.0
657,678.1760438,21.19300137,43.0,-87.0
658,111314.61325888999,3478.581664302,43.0,-88.0
659,227909.46383840003,7122.17074483,43.0,-89.0
660,257385.31219899992,8043.291005879998,43.0,-90.0
661,263192.95676599996,8224.779898899998,43.0,-91.0
662,275525.038944,8610.1574672,43.0,-92.0
663,247920.15591900007,7747.50487262,43.0,-93.0
664,269913.20454,8434.7876421,43.0,-94.0
665,293399.176561,9168.724267729996,43.0,-95.0
666,264478.246543,8264.94520431,43.0,-96.0
667,288705.91657899995,9022.05989294,43.0,-97.0
668,275612.792826,8612.89977603,43.0,-98.0
669,240849.288514,7526.540265369999,43.0,-99.0
670,280360.9822,8761.280693440001,44.0,-100.0
671,272471.022036,8514.71943825,44.0,-101.0
672,262139.49114240002,8191.8590980399995,44.0,-102.0
673,225390.0364934,7043.43864048,44.0,-103.0
674,125714.42863651994,3928.575894638999,44.0,-104.0
675,271427.609393,8482.112793430002,44.0,-105.0
676,279581.232915,8736.9135286,44.0,-106.0
677,221238.03324749996,6913.688538509998,44.0,-107.0
678,267203.61506800004,8350.112970700002,44.0,-108.0
679,207062.70575752007,6470.709554954003,44.0,-109.0
680,34931.347318701,1091.604603762,44.0,-110.0
681,48481.317234979986,1515.0411636479996,44.0,-111.0
682,227575.16921369993,7111.724037653,44.0,-112.0
683,186134.58849507003,5816.705890179,44.0,-113.0
684,103519.18657176002,3234.9745802780003,44.0,-114.0
685,420.46907244100004,13.139658508,44.0,-115.0
686,98278.01553983001,3071.18798555,44.0,-116.0
687,254864.65143400006,7964.520357329999,44.0,-117.0
688,237861.58446400007,7433.1745145099985,44.0,-118.0
689,120934.49301143998,3779.202906684999,44.0,-119.0
690,187272.39475107004,5852.262335517998,44.0,-120.0
691,166717.60514565997,5209.9251607589995,44.0,-121.0
692,23017.081156959997,719.2837861480001,44.0,-122.0
693,226913.95704255006,7091.061157719,44.0,-123.0
694,87084.32258086003,2721.385080566999,44.0,-124.0
695,8893.7453729,277.929542889,44.0,-68.0
696,65094.11666399999,2034.1911458060003,44.0,-69.0
697,153817.1943543,4806.787323461998,44.0,-70.0
698,179200.31975199995,5600.0099923530015,44.0,-71.0
699,222545.13286815002,6954.535401934002,44.0,-72.0
700,184284.77841093,5758.899325109,44.0,-73.0
701,66803.965581777,2087.623924341,44.0,-75.0
702,137536.71191616,4298.022247167,44.0,-76.0
703,102289.4644158,3196.545763,44.0,-83.0
704,130330.29555470003,4072.821735939999,44.0,-84.0
705,187126.8601533,5847.714379719999,44.0,-85.0
706,92355.21965165998,2886.100613946,44.0,-86.0
707,364.385947479,11.387060856,44.0,-87.0
708,161713.666851365,5053.552088896,44.0,-88.0
709,202685.472034,6333.92100069,44.0,-89.0
710,183952.43162736006,5748.51348815,44.0,-90.0
711,231221.10182209994,7225.65943155,44.0,-91.0
712,154030.77955659904,4813.461860759001,44.0,-92.0
713,262979.9834679999,8218.124483,44.0,-93.0
714,224475.73006700003,7014.866564549999,44.0,-94.0
715,273833.4255800001,8557.294549370004,44.0,-95.0
716,238257.75096899996,7445.554717699998,44.0,-96.0
717,266020.75536099996,8313.148604820004,44.0,-97.0
718,245569.79157800003,7674.055986599999,44.0,-98.0
719,267189.7549569999,8349.679842170004,44.0,-99.0
720,254243.90742900007,7945.1221073,45.0,-100.0
721,251939.716629,7873.11614453,45.0,-101.0
722,288514.95072900015,9016.092209900002,45.0,-102.0
723,263508.62237399997,8234.644448899999,45.0,-103.0
724,266792.9619626,8337.280061340001,45.0,-104.0
725,260574.6324927301,8142.957265509996,45.0,-105.0
726,231498.27043820004,7234.3209507719985,45.0,-106.0
727,224306.59102349996,7009.580969506002,45.0,-107.0
728,185089.81276960004,5784.056649245001,45.0,-108.0
729,214152.60896610003,6692.269030058999,45.0,-109.0
730,21056.915617050003,658.0286129460001,45.0,-110.0
731,17410.303188641003,544.0719746359999,45.0,-111.0
732,176495.39357529997,5515.48104887,45.0,-112.0
733,194700.47716000007,6084.389910999998,45.0,-113.0
734,78796.15398552,2462.3798118520003,45.0,-114.0
735,3134.04675555,97.93896111700002,45.0,-115.0
736,93264.89782476997,2914.52805705,45.0,-116.0
737,120445.77153076997,3763.9303603299995,45.0,-117.0
738,138763.39075466298,4336.355961099998,45.0,-118.0
739,140881.23927746204,4402.538727332998,45.0,-119.0
740,248648.93173100002,7770.279116692,45.0,-120.0
741,262005.877465,8187.6836708,45.0,-121.0
742,100771.57867232998,3149.1118336299996,45.0,-122.0
743,225276.07705802005,7039.87740796,45.0,-123.0
744,96316.52945719998,3009.8915454890002,45.0,-124.0
745,39144.0259086,1223.250809599,45.0,-67.0
746,207637.90553209995,6488.684547564,45.0,-68.0
747,202879.77799599996,6339.993062559999,45.0,-69.0
748,238762.89861700003,7461.340581390001,45.0,-70.0
749,189643.5411475,5926.360660917,45.0,-71.0
750,123337.75819024,3854.3049433740002,45.0,-72.0
751,91508.07399773001,2859.6273124480003,45.0,-73.0
752,57261.53323662,1789.4229134050006,45.0,-74.0
753,66472.49538396999,2077.2654806100004,45.0,-75.0
754,7186.120331900001,224.56626036899996,45.0,-76.0
755,15953.415074473,498.544221118,45.0,-83.0
756,131219.906955776,4100.6220921429995,45.0,-84.0
757,178771.17771418006,5586.599303459,45.0,-85.0
758,64286.59660902999,2008.956143999,45.0,-86.0
759,21742.312740750003,679.4472730880001,45.0,-87.0
760,138139.7942847,4316.868571161001,45.0,-88.0
761,153994.576451442,4812.330513864999,45.0,-89.0
762,203079.45608673102,6346.233002468,45.0,-90.0
763,188570.57726532,5892.830539440001,45.0,-91.0
764,256382.94542599993,8011.967044400001,45.0,-92.0
765,159263.88398515002,4976.996374397002,45.0,-93.0
766,195908.6580067,6122.145562649999,45.0,-94.0
767,260706.50356599994,8147.078236019999,45.0,-95.0
768,219553.44422699997,6861.045132099999,45.0,-96.0
769,256825.14480699998,8025.78577505,45.0,-97.0
770,228113.30464599998,7128.540769800003,45.0,-98.0
771,283903.972321,8871.999134800002,45.0,-99.0
772,257071.24103099995,8033.47628198,46.0,-100.0
773,261361.83685099997,8167.5574017300005,46.0,-101.0
774,264658.2336050001,8270.569800039999,46.0,-102.0
775,270274.6480530001,8446.082751699998,46.0,-103.0
776,259140.20934800006,8098.13154191,46.0,-104.0
777,258768.05687000006,8086.501776999999,46.0,-105.0
778,253396.72475810003,7918.647648679998,46.0,-106.0
779,265351.41135300003,8292.2316049,46.0,-107.0
780,258785.06206499995,8087.033189569997,46.0,-108.0
781,254256.40534870003,7945.512666960001,46.0,-109.0
782,221417.97015670998,6919.311567416001,46.0,-110.0
783,208274.4938001,6508.577931,46.0,-111.0
784,162480.00482363996,5077.500150467,46.0,-112.0
785,139384.24574532994,4355.757679406,46.0,-113.0
786,97507.07900295002,3047.096218703,46.0,-114.0
787,20562.395299371,642.5748530909999,46.0,-115.0
788,181073.76956000002,5658.555298490002,46.0,-116.0
789,168735.58591360002,5272.987059774001,46.0,-117.0
790,186508.11255408995,5828.378517326999,46.0,-118.0
791,252181.75576060003,7880.6798672,46.0,-119.0
792,256649.25153399992,8020.289110200001,46.0,-120.0
793,246570.43146530003,7705.325982849998,46.0,-121.0
794,97137.43417963797,3035.544818023999,46.0,-122.0
795,214325.80547790002,6697.6814210620005,46.0,-123.0
796,97319.86937146999,3041.2459178070008,46.0,-124.0
797,970.3410978,30.323159310999998,46.0,-67.0
798,145645.56881173002,4551.424025022001,46.0,-68.0
799,197537.60733147,6173.050228833999,46.0,-69.0
800,175259.93965100002,5476.873113577,46.0,-70.0
801,5602.610405,175.08157511000002,46.0,-71.0
802,36458.96777670001,1139.3427429490005,46.0,-84.0
803,42737.263837751,1335.539494874,46.0,-85.0
804,48099.665614328005,1503.1145504699996,46.0,-86.0
805,58724.16794579998,1835.1302483260001,46.0,-87.0
806,150785.56322929994,4712.04885084,46.0,-88.0
807,44227.76260236999,1382.1175813050002,46.0,-89.0
808,88755.709446396,2773.6159202079994,46.0,-90.0
809,126229.879102,3944.68372174,46.0,-91.0
810,178927.79145887,5591.493482792001,46.0,-92.0
811,153470.9357598,4795.966742375999,46.0,-93.0
812,195890.2268337851,6121.569588723002,46.0,-94.0
813,205530.404785,6422.825149769999,46.0,-95.0
814,211477.70284199994,6608.678213909998,46.0,-96.0
815,273581.7385819999,8549.429330710002,46.0,-97.0
816,245128.456498,7660.264265400003,46.0,-98.0
817,237012.792615,7406.649769199999,46.0,-99.0
818,214611.49032799999,6706.609072630001,47.0,-100.0
819,251210.91279899998,7850.341024439998,47.0,-101.0
820,261023.01157299997,8156.969111659997,47.0,-102.0
821,242264.31029300002,7570.759696370001,47.0,-103.0
822,253169.94133399997,7911.56066684,47.0,-104.0
823,263705.562988,8240.79884298,47.0,-105.0
824,265514.006956,8297.3127172,47.0,-106.0
825,268432.460241,8388.514382400002,47.0,-107.0
826,262792.0377428,8212.251179219998,47.0,-108.0
827,240675.19419100002,7521.099818569999,47.0,-109.0
828,222458.46558989995,6951.8270495800025,47.0,-110.0
829,161613.0998662,5050.409370729002,47.0,-111.0
830,197013.83931259994,6156.682478439997,47.0,-112.0
831,136661.01956800002,4270.656861322001,47.0,-113.0
832,100512.08440518905,3141.00263763,47.0,-114.0
833,22610.120016509998,706.5662505629999,47.0,-115.0
834,144647.91292539999,4520.247278635001,47.0,-116.0
835,235745.2273164,7367.038353860004,47.0,-117.0
836,257741.39326,8054.418539569999,47.0,-118.0
837,246810.57944500004,7712.830607819999,47.0,-119.0
838,196997.97165300004,6156.186613941001,47.0,-120.0
839,104115.36009318999,3253.6050030300007,47.0,-121.0
840,100194.65364362998,3131.082926359,47.0,-122.0
841,181930.36757512004,5685.323986496,47.0,-123.0
842,124706.15666620298,3897.0673957269996,47.0,-124.0
843,107943.75352649999,3373.242297810001,47.0,-68.0
844,194583.73863079998,6080.741832182998,47.0,-69.0
845,52245.201963700005,1632.6625611800002,47.0,-70.0
846,12511.949534836998,390.99842294700005,47.0,-85.0
847,19547.0000514,610.84375158,47.0,-86.0
848,3685.7046369090003,115.178269892,47.0,-87.0
849,93562.27245262999,2923.8210140019996,47.0,-88.0
850,87817.10310218,2744.2844719360005,47.0,-89.0
851,5188.92220256,162.153818832,47.0,-90.0
852,72776.741909631,2274.273184633,47.0,-91.0
853,91959.47078276597,2873.7334618630007,47.0,-92.0
854,85180.83632178996,2661.9011349479993,47.0,-93.0
855,103987.65968261997,3249.6143650559993,47.0,-94.0
856,155606.97596889996,4862.71799877,47.0,-95.0
857,212947.40404900003,6654.606376370001,47.0,-96.0
858,237100.13162300002,7409.379112949999,47.0,-97.0
859,265582.43525499996,8299.451101699999,47.0,-98.0
860,218923.40661400007,6841.35645658,47.0,-99.0
861,233444.14903799997,7295.12965738,48.0,-100.0
862,228103.2913967,7128.227855990001,48.0,-101.0
863,221776.58339499997,6930.51823092,48.0,-102.0
864,239346.71927199996,7479.58497699,48.0,-103.0
865,233761.52728799998,7305.047727410002,48.0,-104.0
866,255361.70945100003,7980.05342057,48.0,-105.0
867,232210.1134054,7256.566043940003,48.0,-106.0
868,201513.72706804995,6297.303970848999,48.0,-107.0
869,219706.98657456998,6865.843330659999,48.0,-108.0
870,197989.71798363986,6187.178686739001,48.0,-109.0
871,244797.37836,7649.918073729999,48.0,-110.0
872,250224.64894899997,7819.5202795299965,48.0,-111.0
873,249773.17849099994,7805.411827520001,48.0,-112.0
874,79988.6273734,2499.6446053720006,48.0,-113.0
875,86832.54062062003,2713.516894317,48.0,-114.0
876,139325.96810536005,4353.936503063,48.0,-115.0
877,57715.512508470005,1803.6097657880002,48.0,-116.0
878,170042.01557180006,5313.812986312,48.0,-117.0
879,218403.90949,6825.122171407,48.0,-118.0
880,253423.10886399992,7919.47215233,48.0,-119.0
881,159270.61752731,4977.206797341999,48.0,-120.0
882,13272.703705189999,414.771990852,48.0,-121.0
883,101054.78903353996,3157.9621573209993,48.0,-122.0
884,51576.40611509001,1611.7626910239999,48.0,-123.0
885,70789.29311696999,2212.165410014,48.0,-124.0
886,19111.103645,597.221988901,48.0,-125.0
887,15985.273336893,499.539791737,48.0,-90.0
888,37975.993473769995,1186.7497960070002,48.0,-91.0
889,52867.7771146,1652.1180348319997,48.0,-92.0
890,44391.11283216001,1387.222275949,48.0,-93.0
891,22601.871604149997,706.3084876439999,48.0,-94.0
892,49772.06601574601,1555.3770629370003,48.0,-95.0
893,166882.9124709,5215.091014927999,48.0,-96.0
894,237616.27400200008,7425.50856229,48.0,-97.0
895,220613.39972299992,6894.168741089998,48.0,-98.0
896,214613.20778280008,6706.66274315,48.0,-99.0
897,113186.94443599999,3537.0920137099993,49.0,-100.0
898,106274.70008800003,3321.08437775,49.0,-101.0
899,116624.57736519996,3644.5180426230004,49.0,-102.0
900,114096.26904099998,3565.50840726,49.0,-103.0
901,117033.80273460002,3657.30633526,49.0,-104.0
902,125175.212115,3911.7253786899996,49.0,-105.0
903,131162.35344089998,4098.823544995999,49.0,-106.0
904,110639.02421006998,3457.4695064300004,49.0,-107.0
905,121564.46302950001,3798.88946959,49.0,-108.0
906,121895.06280797004,3809.2207126299995,49.0,-109.0
907,120852.89103659998,3776.6528446199995,49.0,-110.0
908,124839.8199429,3901.2443731310004,49.0,-111.0
909,121700.34380409998,3803.1357438180003,49.0,-112.0
910,115159.698267,3598.7405709940003,49.0,-113.0
911,2841.69508509,88.802971413,49.0,-114.0
912,71388.76523573001,2230.898913517,49.0,-115.0
913,57419.83993998999,1794.369998134,49.0,-116.0
914,13216.843859870001,413.026370645,49.0,-117.0
915,53400.837624149994,1668.776175801,49.0,-118.0
916,94654.23050764999,2957.9447031179993,49.0,-119.0
917,32072.99813941,1002.281191901,49.0,-120.0
918,43599.160935399996,1362.47377912,49.0,-122.0
919,9701.008283753,303.156508864,49.0,-123.0
920,1518.44026003,47.451258128,49.0,-93.0
921,2302.85975017,71.96436718300001,49.0,-94.0
922,14796.471049450001,462.38972028,49.0,-95.0
923,64316.3351429,2009.88547308,49.0,-96.0
924,107416.91131740001,3356.7784786470006,49.0,-97.0
925,120982.3534134,3780.6985443549997,49.0,-98.0
926,119776.46953670001,3743.014672850001,49.0,-99.0
